0,title,text,Comment_level,User_name,Comment,id,parent_id,martha,donny,Vader_pos,Vader_neg,Vader_neu,Vader_compound,toxicity,severe_toxicity,obscene,insult,identity_attack,sexual_explicit,threat
"Baby Reindeer | S1E01 | Episode Discussion 	1	Fluffy_Yesterday_468	Even the cop's comment is basically this. I get that they were sort of friends in the beginning, and that he's getting something from her, but c'mon this is weird	
", S1E01 ," 	1	Fluffy_Yesterday_468	Even the cop's comment is basically this. I get that they were sort of friends in the beginning, and that he's getting something from her, but c'mon this is weird	
",1,Fluffy_Yesterday_468,"Even the cop's comment is basically this. I get that they were sort of friends in the beginning, and that he's getting something from her, but c'mon this is weird",172,147.0,1.0,1.0,0.06,0.064,0.876,-0.0378,0.00070865394,1.5655938e-06,6.0715927e-05,0.00017626987,6.693153e-05,2.2617414e-05,2.2519915e-05
"Baby Reindeer | S1E01 | Episode Discussion 	1	alliandoalice	He needs to block her what is he doing üò≠üò≠üò≠	
", S1E01 ," 	1	alliandoalice	He needs to block her what is he doing üò≠üò≠üò≠	
",1,alliandoalice,He needs to block her what is he doing üò≠üò≠üò≠,173,147.0,1.0,1.0,0.0,0.466,0.534,-0.9042,0.12820944,3.7769514e-05,0.0022243222,0.0025108077,0.0020961193,0.000994414,0.00945134
"Baby Reindeer | S1E01 | Episode Discussion 	1	Forsaken_Bunch_4787	Yess this is exactly what I came on here to find, based on episode 1 it‚Äôs clear they‚Äôre both benefiting from this relationship. She‚Äôs displayed she‚Äôs clearly batshit crazy but he‚Äôs willingly choosing to engage further. Definitely seems like he‚Äôs a man who‚Äôs unhappy with his circumstances, disappointed by his career and love life enjoying the attention this person is bringing to his life. To then produce and act in a film about the experience is the ultimate conclusion to the value and purpose this stalker brought to his life.	
", S1E01 ," 	1	Forsaken_Bunch_4787	Yess this is exactly what I came on here to find, based on episode 1 it‚Äôs clear they‚Äôre both benefiting from this relationship. She‚Äôs displayed she‚Äôs clearly batshit crazy but he‚Äôs willingly choosing to engage further. Definitely seems like he‚Äôs a man who‚Äôs unhappy with his circumstances, disappointed by his career and love life enjoying the attention this person is bringing to his life. To then produce and act in a film about the experience is the ultimate conclusion to the value and purpose this stalker brought to his life.	
",1,Forsaken_Bunch_4787,"Yess this is exactly what I came on here to find, based on episode 1 it‚Äôs clear they‚Äôre both benefiting from this relationship. She‚Äôs displayed she‚Äôs clearly batshit crazy but he‚Äôs willingly choosing to engage further. Definitely seems like he‚Äôs a man who‚Äôs unhappy with his circumstances, disappointed by his career and love life enjoying the attention this person is bringing to his life. To then produce and act in a film about the experience is the ultimate conclusion to the value and purpose this stalker brought to his life.",178,177.0,1.0,1.0,0.234,0.083,0.683,0.9552,0.16386989,8.996619e-05,0.03705924,0.11502778,0.0014195362,0.0011174094,0.00015515048
"Baby Reindeer | S1E01 | Episode Discussion 	1	Pawneewafflesarelife	I've only watched episode one, but as a woman who was stalked I didn't feel flattered or intrigued by the stalking, I was scared! I imagine it gets darker later, but I found it interesting - to me, it seems like there are so many red flags, but he seems mostly unconcerned or oblivious. Is it that women aren't scary? Or maybe I'm just on high alert? Episode one has me giving him the side-eye - he clearly enjoys SOME of the results of interacting with her and seems to be using her. In the comedy club, we see him make a calculated decision. There's a pause and a shift in expression and tone before he leans into mocking her to warm up the crowd and net himself a victory. She's hurt and shows it, but he knows she'll go along with it because of her obsession. Is the obsession ok, then, in his eyes if it's only somewhat manic? Would he feel fine continuing to lead her on and use her attention and emotional support if she was just ""normal"" crazy instead of stalker crazy? The final scene of the episode gave me chills - a guy at work who kept following me and cornering me in the stairwell/parking lot would send me that same song over work slack. It must be a creeper's anthem :P	
", S1E01 ," 	1	Pawneewafflesarelife	I've only watched episode one, but as a woman who was stalked I didn't feel flattered or intrigued by the stalking, I was scared! I imagine it gets darker later, but I found it interesting - to me, it seems like there are so many red flags, but he seems mostly unconcerned or oblivious. Is it that women aren't scary? Or maybe I'm just on high alert? Episode one has me giving him the side-eye - he clearly enjoys SOME of the results of interacting with her and seems to be using her. In the comedy club, we see him make a calculated decision. There's a pause and a shift in expression and tone before he leans into mocking her to warm up the crowd and net himself a victory. She's hurt and shows it, but he knows she'll go along with it because of her obsession. Is the obsession ok, then, in his eyes if it's only somewhat manic? Would he feel fine continuing to lead her on and use her attention and emotional support if she was just ""normal"" crazy instead of stalker crazy? The final scene of the episode gave me chills - a guy at work who kept following me and cornering me in the stairwell/parking lot would send me that same song over work slack. It must be a creeper's anthem :P	
",1,Pawneewafflesarelife,"I've only watched episode one, but as a woman who was stalked I didn't feel flattered or intrigued by the stalking, I was scared! I imagine it gets darker later, but I found it interesting - to me, it seems like there are so many red flags, but he seems mostly unconcerned or oblivious. Is it that women aren't scary? Or maybe I'm just on high alert? Episode one has me giving him the side-eye - he clearly enjoys SOME of the results of interacting with her and seems to be using her. In the comedy club, we see him make a calculated decision. There's a pause and a shift in expression and tone before he leans into mocking her to warm up the crowd and net himself a victory. She's hurt and shows it, but he knows she'll go along with it because of her obsession. Is the obsession ok, then, in his eyes if it's only somewhat manic? Would he feel fine continuing to lead her on and use her attention and emotional support if she was just ""normal"" crazy instead of stalker crazy? The final scene of the episode gave me chills - a guy at work who kept following me and cornering me in the stairwell/parking lot would send me that same song over work slack. It must be a creeper's anthem :P",180,177.0,1.0,1.0,0.153,0.107,0.741,0.9139,0.005620122,1.5193634e-05,0.00020662272,0.0019034912,0.0015957132,0.00034962452,0.00015420449
"Baby Reindeer | S1E01 | Episode Discussion 	2	sunshinyday00	Yes, but as the policeman explains to him, it's different because there is a difference in physical capabilities to do harm. Also, he isn't discouraging her or explaining to her any of her misinterpretations. He just encourages it more.	
", S1E01 ," 	2	sunshinyday00	Yes, but as the policeman explains to him, it's different because there is a difference in physical capabilities to do harm. Also, he isn't discouraging her or explaining to her any of her misinterpretations. He just encourages it more.	
",2,sunshinyday00,"Yes, but as the policeman explains to him, it's different because there is a difference in physical capabilities to do harm. Also, he isn't discouraging her or explaining to her any of her misinterpretations. He just encourages it more.",182,180.0,1.0,1.0,0.181,0.098,0.721,0.4694,0.0004430782,1.2014686e-06,2.4020255e-05,0.00011786861,7.042048e-05,1.3388746e-05,1.920058e-05
"Baby Reindeer | S1E01 | Episode Discussion 	1	SnacksandViolets	Top that off, the complete table turn with his female stalker is getting harassed by randos on the internet (which I don‚Äôt condone)	
", S1E01 ," 	1	SnacksandViolets	Top that off, the complete table turn with his female stalker is getting harassed by randos on the internet (which I don‚Äôt condone)	
",1,SnacksandViolets,"Top that off, the complete table turn with his female stalker is getting harassed by randos on the internet (which I don‚Äôt condone)",185,177.0,1.0,1.0,0.068,0.133,0.798,-0.4019,0.029032456,1.24562475e-05,0.00048493413,0.008044797,0.005930372,0.001019938,0.00017401057
"Baby Reindeer | S1E01 | Episode Discussion 	1	book-reading-hippie	He's not interested in her, he just likes the attention and adoration.	
", S1E01 ," 	1	book-reading-hippie	He's not interested in her, he just likes the attention and adoration.	
",1,book-reading-hippie,"He's not interested in her, he just likes the attention and adoration.",191,190.0,1.0,1.0,0.373,0.126,0.501,0.6643,0.011293519,6.965616e-06,0.00036982752,0.0011057652,0.00046158893,0.0021131176,0.00017009235
"Baby Reindeer | S1E01 | Episode Discussion 	1	Fluffy_Yesterday_468	Even from the picnic thing in the bar you can see how someone might think that he was interested in her. Also he quickly sees that she is very possessive and that doesn't rise any flags.	
", S1E01 ," 	1	Fluffy_Yesterday_468	Even from the picnic thing in the bar you can see how someone might think that he was interested in her. Also he quickly sees that she is very possessive and that doesn't rise any flags.	
",1,Fluffy_Yesterday_468,Even from the picnic thing in the bar you can see how someone might think that he was interested in her. Also he quickly sees that she is very possessive and that doesn't rise any flags.,192,190.0,1.0,1.0,0.069,0.056,0.874,0.1298,0.0020636125,1.7311603e-06,9.02482e-05,0.0006626365,0.00011026292,6.234183e-05,3.3201213e-05
"Baby Reindeer | S1E01 | Episode Discussion 	0	Xenon30	Okay I just finished ep 1 and I really like it so far. But does anyone else think he‚Äôs too‚Ä¶. tolerant/passive idk the word tbh. He found out she‚Äôs a convicted stalker and he‚Äôs still entertaining her. He could easily shut this whole thing down but I think he‚Äôs keeping her around because she makes him a better comedian. If so, I think he‚Äôs kinda lame. Gonna watch ep 2 now	
", S1E01 ," 	0	Xenon30	Okay I just finished ep 1 and I really like it so far. But does anyone else think he‚Äôs too‚Ä¶. tolerant/passive idk the word tbh. He found out she‚Äôs a convicted stalker and he‚Äôs still entertaining her. He could easily shut this whole thing down but I think he‚Äôs keeping her around because she makes him a better comedian. If so, I think he‚Äôs kinda lame. Gonna watch ep 2 now	
",0,Xenon30,"Okay I just finished ep 1 and I really like it so far. But does anyone else think he‚Äôs too‚Ä¶. tolerant/passive idk the word tbh. He found out she‚Äôs a convicted stalker and he‚Äôs still entertaining her. He could easily shut this whole thing down but I think he‚Äôs keeping her around because she makes him a better comedian. If so, I think he‚Äôs kinda lame. Gonna watch ep 2 now",195,,1.0,1.0,0.205,0.057,0.738,0.9133,0.11005816,2.3438077e-05,0.0085041635,0.04942883,0.0009235273,0.00073765835,0.00017591675
"Baby Reindeer | S1E01 | Episode Discussion 	1	alliandoalice	Him accepting her friend request, buying her drinks, flirting back, letting her cuddle him, following and spying on her at home??? If you don‚Äôt like her Jesus Christ stop all this	
", S1E01 ," 	1	alliandoalice	Him accepting her friend request, buying her drinks, flirting back, letting her cuddle him, following and spying on her at home??? If you don‚Äôt like her Jesus Christ stop all this	
",1,alliandoalice,"Him accepting her friend request, buying her drinks, flirting back, letting her cuddle him, following and spying on her at home??? If you don‚Äôt like her Jesus Christ stop all this",202,195.0,1.0,1.0,0.274,0.057,0.669,0.8146,0.06676076,6.513684e-05,0.0013266943,0.009191462,0.008631226,0.0016080645,0.00028136745
"Baby Reindeer | S1E01 | Episode Discussion 	2	bocuscola	My thought exactly. He should have got away after her first crazy reaction at the cafeteria, instead he gave her complete access to his past life accepting her friend request! Also why he doesn't block her email address? I don't get it...maybe he's just too good and he can't say no to people but still...	
", S1E01 ," 	2	bocuscola	My thought exactly. He should have got away after her first crazy reaction at the cafeteria, instead he gave her complete access to his past life accepting her friend request! Also why he doesn't block her email address? I don't get it...maybe he's just too good and he can't say no to people but still...	
",2,bocuscola,"My thought exactly. He should have got away after her first crazy reaction at the cafeteria, instead he gave her complete access to his past life accepting her friend request! Also why he doesn't block her email address? I don't get it...maybe he's just too good and he can't say no to people but still...",203,202.0,1.0,1.0,0.155,0.028,0.817,0.6797,0.013837987,2.8312056e-06,0.0002585908,0.004567152,0.00029487757,8.071963e-05,8.3636696e-05
"Baby Reindeer | S1E01 | Episode Discussion 	3	alliandoalice	Oh I‚Äôm still watching! On ep 2. Just aggravating how he leads her on instead of being straight up sorry I don‚Äôt like you and I don‚Äôt want to date you, ever let‚Äôs not hang out anymore	
", S1E01 ," 	3	alliandoalice	Oh I‚Äôm still watching! On ep 2. Just aggravating how he leads her on instead of being straight up sorry I don‚Äôt like you and I don‚Äôt want to date you, ever let‚Äôs not hang out anymore	
",3,alliandoalice,"Oh I‚Äôm still watching! On ep 2. Just aggravating how he leads her on instead of being straight up sorry I don‚Äôt like you and I don‚Äôt want to date you, ever let‚Äôs not hang out anymore",205,204.0,1.0,1.0,0.144,0.084,0.771,0.3595,0.07354462,2.5836049e-05,0.00565516,0.010743531,0.0014961717,0.0010067583,0.000982628
"Baby Reindeer | S1E01 | Episode Discussion 	4	Xenon30	Ohhh I read ur first comment too fast LOL yeahhh exactly like if you don‚Äôt like her, you can EASILYYYY stop all of this like he‚Äôs playing fr	
", S1E01 ," 	4	Xenon30	Ohhh I read ur first comment too fast LOL yeahhh exactly like if you don‚Äôt like her, you can EASILYYYY stop all of this like he‚Äôs playing fr	
",4,Xenon30,"Ohhh I read ur first comment too fast LOL yeahhh exactly like if you don‚Äôt like her, you can EASILYYYY stop all of this like he‚Äôs playing fr",206,205.0,1.0,1.0,0.353,0.059,0.588,0.8752,0.030698873,1.831002e-05,0.0019840854,0.0017241824,0.0009399626,0.00085514615,0.000671241
"Baby Reindeer | S1E01 | Episode Discussion 	5	alliandoalice	Can‚Äôt stand him üò≠ or her either	
", S1E01 ," 	5	alliandoalice	Can‚Äôt stand him üò≠ or her either	
",5,alliandoalice,Can‚Äôt stand him üò≠ or her either,207,206.0,1.0,1.0,0.0,0.279,0.721,-0.4767,0.008397176,3.2292323e-06,0.00015339103,0.0010000146,0.00051434024,6.434568e-05,0.00055360544
"Baby Reindeer | S1E01 | Episode Discussion 	4	Sahaal_17	Saying that would hurt her though. I'm still only on episode 1, but my interpretation is that he can see she's a woman with serious mental problems, and he doesn't want to add to them by having her crush so utterly reject her. In her state she could be prone to suicide and while he doesn't want to be around her, he is not willing to be the thing that breaks her. So instead he's trying to let her down easy, remaining her friend but rebuffing any overt romantic gestures. However she constantly places him in social situations where the options are to reject her completely or become something more serious, and he keeps trying to defuse those situations with sexual jokes that just serve to encourage her further. The scene with the other bar patrons is a perfect example of this; they forced him into either accepting her as girlfriend or saying ""she's not my girlfriend, I'm just joking around"", which would absolutely devastate her psychologically, so he tried to escape with a joke that she took as a promise. Or the ""date"" they had. She wanted for them to go on a legitimate date, which he turned down. However she pushed by asking what friends do then, which again forced him into either going to get coffee together as friends, or saying ""I'm not your friend"", which once again would be emotionally devastating to her and not something that he is willing to inflict. My understanding is that he doesn't even want to be her friend at all, but how can you reject somebody who want to be your friend without being the bad guy hurting other's emotions for no reason? So he goes with her as a friend, but to her it's their first date. As somebody who hates confrontation and likes to make people happy I sympathise a lot with Gadd's character.	
", S1E01 ," 	4	Sahaal_17	Saying that would hurt her though. I'm still only on episode 1, but my interpretation is that he can see she's a woman with serious mental problems, and he doesn't want to add to them by having her crush so utterly reject her. In her state she could be prone to suicide and while he doesn't want to be around her, he is not willing to be the thing that breaks her. So instead he's trying to let her down easy, remaining her friend but rebuffing any overt romantic gestures. However she constantly places him in social situations where the options are to reject her completely or become something more serious, and he keeps trying to defuse those situations with sexual jokes that just serve to encourage her further. The scene with the other bar patrons is a perfect example of this; they forced him into either accepting her as girlfriend or saying ""she's not my girlfriend, I'm just joking around"", which would absolutely devastate her psychologically, so he tried to escape with a joke that she took as a promise. Or the ""date"" they had. She wanted for them to go on a legitimate date, which he turned down. However she pushed by asking what friends do then, which again forced him into either going to get coffee together as friends, or saying ""I'm not your friend"", which once again would be emotionally devastating to her and not something that he is willing to inflict. My understanding is that he doesn't even want to be her friend at all, but how can you reject somebody who want to be your friend without being the bad guy hurting other's emotions for no reason? So he goes with her as a friend, but to her it's their first date. As somebody who hates confrontation and likes to make people happy I sympathise a lot with Gadd's character.	
",4,Sahaal_17,"Saying that would hurt her though. I'm still only on episode 1, but my interpretation is that he can see she's a woman with serious mental problems, and he doesn't want to add to them by having her crush so utterly reject her. In her state she could be prone to suicide and while he doesn't want to be around her, he is not willing to be the thing that breaks her. So instead he's trying to let her down easy, remaining her friend but rebuffing any overt romantic gestures. However she constantly places him in social situations where the options are to reject her completely or become something more serious, and he keeps trying to defuse those situations with sexual jokes that just serve to encourage her further. The scene with the other bar patrons is a perfect example of this; they forced him into either accepting her as girlfriend or saying ""she's not my girlfriend, I'm just joking around"", which would absolutely devastate her psychologically, so he tried to escape with a joke that she took as a promise. Or the ""date"" they had. She wanted for them to go on a legitimate date, which he turned down. However she pushed by asking what friends do then, which again forced him into either going to get coffee together as friends, or saying ""I'm not your friend"", which once again would be emotionally devastating to her and not something that he is willing to inflict. My understanding is that he doesn't even want to be her friend at all, but how can you reject somebody who want to be your friend without being the bad guy hurting other's emotions for no reason? So he goes with her as a friend, but to her it's their first date. As somebody who hates confrontation and likes to make people happy I sympathise a lot with Gadd's character.",210,205.0,1.0,1.0,0.174,0.164,0.662,0.8046,0.020134762,0.00044980808,0.0016238844,0.004761041,0.0034936154,0.00482113,0.0029454385
"Baby Reindeer | S1E01 | Episode Discussion 	5	Lost-friend-ship	I agree with your take completely. Also a people pleaser, and sometimes there‚Äôs just no easy way to reject someone without feeling like you‚Äôre going to hurt their feelings or cause an outbreak. She knows where he works as well so he has to tread carefully. He wants to ‚Äúbe friends‚Äù but she doesn‚Äôt respond like most people would, she keeps pushing the boundaries and verbally cornering him. He‚Äôs trying to avoid being mean hoping that she‚Äôll take the hint without having to hurt her feelings or react emotionally.	
", S1E01 ," 	5	Lost-friend-ship	I agree with your take completely. Also a people pleaser, and sometimes there‚Äôs just no easy way to reject someone without feeling like you‚Äôre going to hurt their feelings or cause an outbreak. She knows where he works as well so he has to tread carefully. He wants to ‚Äúbe friends‚Äù but she doesn‚Äôt respond like most people would, she keeps pushing the boundaries and verbally cornering him. He‚Äôs trying to avoid being mean hoping that she‚Äôll take the hint without having to hurt her feelings or react emotionally.	
",5,Lost-friend-ship,"I agree with your take completely. Also a people pleaser, and sometimes there‚Äôs just no easy way to reject someone without feeling like you‚Äôre going to hurt their feelings or cause an outbreak. She knows where he works as well so he has to tread carefully. He wants to ‚Äúbe friends‚Äù but she doesn‚Äôt respond like most people would, she keeps pushing the boundaries and verbally cornering him. He‚Äôs trying to avoid being mean hoping that she‚Äôll take the hint without having to hurt her feelings or react emotionally.",211,210.0,1.0,1.0,0.165,0.098,0.737,0.8369,0.00059684337,1.0596193e-06,2.815908e-05,0.00016710133,6.0640818e-05,1.564983e-05,2.0539574e-05
"Baby Reindeer | S1E01 | Episode Discussion 	1	Fluffy_Yesterday_468	Yeah I can't believe that she was fully already a convicted stalker and he kept on with it! In interviews about the show he's said that she needs mental help but also maybe he does.	
", S1E01 ," 	1	Fluffy_Yesterday_468	Yeah I can't believe that she was fully already a convicted stalker and he kept on with it! In interviews about the show he's said that she needs mental help but also maybe he does.	
",1,Fluffy_Yesterday_468,Yeah I can't believe that she was fully already a convicted stalker and he kept on with it! In interviews about the show he's said that she needs mental help but also maybe he does.,213,195.0,1.0,1.0,0.102,0.0,0.898,0.4102,0.114108294,0.00013577029,0.0012322847,0.038628317,0.004570609,0.0009988557,0.0014659313
"Baby Reindeer | S1E01 | Episode Discussion 	0	Bowiefan73	I understand his insecurities and his needing validation from another person. She is not the most attractive person, but her messy place would have made me run, if I were his character.	
", S1E01 ," 	0	Bowiefan73	I understand his insecurities and his needing validation from another person. She is not the most attractive person, but her messy place would have made me run, if I were his character.	
",0,Bowiefan73,"I understand his insecurities and his needing validation from another person. She is not the most attractive person, but her messy place would have made me run, if I were his character.",215,,1.0,1.0,0.0,0.194,0.806,-0.715,0.008805014,2.648732e-06,0.0001414015,0.0027665643,0.0003474566,0.00017088729,7.783369e-05
"Baby Reindeer | S1E01 | Episode Discussion 	0	badvibin	This was so painful to watch. I don't want to victim blame but this man is enabling her... She's shown time and time again how unwell she is and he's just playing along? I'm dumbfounded.	
", S1E01 ," 	0	badvibin	This was so painful to watch. I don't want to victim blame but this man is enabling her... She's shown time and time again how unwell she is and he's just playing along? I'm dumbfounded.	
",0,badvibin,This was so painful to watch. I don't want to victim blame but this man is enabling her... She's shown time and time again how unwell she is and he's just playing along? I'm dumbfounded.,217,,1.0,1.0,0.088,0.208,0.704,-0.6091,0.030338487,9.620944e-06,0.0004976203,0.020030038,0.0007430377,0.00025866405,0.00010620724
"Baby Reindeer | S1E01 | Episode Discussion 	0	alliandoalice	Man he is leading her on HARD it‚Äôs aggravating	
", S1E01 ," 	0	alliandoalice	Man he is leading her on HARD it‚Äôs aggravating	
",0,alliandoalice,Man he is leading her on HARD it‚Äôs aggravating,222,,1.0,1.0,0.0,0.382,0.618,-0.516,0.002693348,1.4892067e-05,0.00019907186,0.00064931967,0.00043057557,0.00025588393,0.000101564634
"Baby Reindeer | S1E01 | Episode Discussion 	0	Potatosmom94	It‚Äôs so wild to be that Gadd both wrote this and plays the main character and it still reads as if the obsession goes both ways. The way he talks about her laugh, the following her home, and the willingness to accept the friend request despite everything. I think this is an example of wanting to have his cake and eat it too. He clearly likes the way she sees him and makes him feel about herself. He just doesn‚Äôt like her. The mixed signals are insane and she‚Äôs clearly not right in the head. I‚Äôm not at all surprised there will be an escalation.	
", S1E01 ," 	0	Potatosmom94	It‚Äôs so wild to be that Gadd both wrote this and plays the main character and it still reads as if the obsession goes both ways. The way he talks about her laugh, the following her home, and the willingness to accept the friend request despite everything. I think this is an example of wanting to have his cake and eat it too. He clearly likes the way she sees him and makes him feel about herself. He just doesn‚Äôt like her. The mixed signals are insane and she‚Äôs clearly not right in the head. I‚Äôm not at all surprised there will be an escalation.	
",0,Potatosmom94,"It‚Äôs so wild to be that Gadd both wrote this and plays the main character and it still reads as if the obsession goes both ways. The way he talks about her laugh, the following her home, and the willingness to accept the friend request despite everything. I think this is an example of wanting to have his cake and eat it too. He clearly likes the way she sees him and makes him feel about herself. He just doesn‚Äôt like her. The mixed signals are insane and she‚Äôs clearly not right in the head. I‚Äôm not at all surprised there will be an escalation.",224,,1.0,1.0,0.195,0.055,0.75,0.9471,0.01986077,3.9676706e-06,0.0003993111,0.009093897,0.00027791806,0.00019148627,6.852878e-05
"Baby Reindeer | S1E02 | Episode Discussion 	1	BothAd9086	Made me feel so icky, I felt so bad for him. And then her saying I made your heart beat after literally assaulting him. Just gross.	
", S1E02 ," 	1	BothAd9086	Made me feel so icky, I felt so bad for him. And then her saying I made your heart beat after literally assaulting him. Just gross.	
",1,BothAd9086,"Made me feel so icky, I felt so bad for him. And then her saying I made your heart beat after literally assaulting him. Just gross.",242,241.0,1.0,1.0,0.113,0.294,0.593,-0.7712,0.79675776,6.255246e-05,0.02075243,0.6118242,0.0007634953,0.0015106264,0.00022543849
"Baby Reindeer | S1E02 | Episode Discussion 	0	Palpitation-Medical	Holy heck this is creepy. I understand there‚Äôs something else going on and I also know he feels sorry for her but so far he‚Äôs also frustrating the hell out of me. This woman needs help, not to be egged on.	
", S1E02 ," 	0	Palpitation-Medical	Holy heck this is creepy. I understand there‚Äôs something else going on and I also know he feels sorry for her but so far he‚Äôs also frustrating the hell out of me. This woman needs help, not to be egged on.	
",0,Palpitation-Medical,"Holy heck this is creepy. I understand there‚Äôs something else going on and I also know he feels sorry for her but so far he‚Äôs also frustrating the hell out of me. This woman needs help, not to be egged on.",252,,1.0,1.0,0.068,0.219,0.712,-0.8338,0.06984643,9.9813646e-05,0.0077488427,0.0063023577,0.0051343665,0.0021586881,0.0014722414
"Baby Reindeer | S1E02 | Episode Discussion 	1	BothAd9086	Seriously! She‚Äôs clearly mentally unwell but i wish he had listened to Teri about shutting it down and not mentioned babies as an excuse.	
", S1E02 ," 	1	BothAd9086	Seriously! She‚Äôs clearly mentally unwell but i wish he had listened to Teri about shutting it down and not mentioned babies as an excuse.	
",1,BothAd9086,Seriously! She‚Äôs clearly mentally unwell but i wish he had listened to Teri about shutting it down and not mentioned babies as an excuse.,253,252.0,1.0,1.0,0.251,0.047,0.702,0.6996,0.18586354,5.0524937e-05,0.00068621396,0.12120405,0.002337599,0.00059402286,0.00064315426
"Baby Reindeer | S1E02 | Episode Discussion 	1	PDXmadeMe	I feel worse for him than I do the stalker	
", S1E02 ," 	1	PDXmadeMe	I feel worse for him than I do the stalker	
",1,PDXmadeMe,I feel worse for him than I do the stalker,257,252.0,1.0,1.0,0.0,0.256,0.744,-0.4767,0.1148902,1.7624663e-05,0.0017437928,0.055742294,0.0025242055,0.00036322005,0.0008986305
"Baby Reindeer | S1E02 | Episode Discussion 	1	alliandoalice	I wanted to scream at him when he saw she was a jailed criminal stalker and he accepted her friend request 	
", S1E02 ," 	1	alliandoalice	I wanted to scream at him when he saw she was a jailed criminal stalker and he accepted her friend request 	
",1,alliandoalice,I wanted to scream at him when he saw she was a jailed criminal stalker and he accepted her friend request ,272,271.0,1.0,1.0,0.173,0.304,0.523,-0.6124,0.10042501,2.057025e-05,0.0011291391,0.017149441,0.0016156835,0.0006950519,0.0067044124
"Baby Reindeer | S1E02 | Episode Discussion 	0	Fluffy_Yesterday_468	Omg even if you have been getting an ego boost from her once she's following you around work and naming your children it's way past time to DO SOMETHING ABOUT THIS Also wow his bosses are garbage. They are just being rude because its not even like she's good business for the bar.	
", S1E02 ," 	0	Fluffy_Yesterday_468	Omg even if you have been getting an ego boost from her once she's following you around work and naming your children it's way past time to DO SOMETHING ABOUT THIS Also wow his bosses are garbage. They are just being rude because its not even like she's good business for the bar.	
",0,Fluffy_Yesterday_468,Omg even if you have been getting an ego boost from her once she's following you around work and naming your children it's way past time to DO SOMETHING ABOUT THIS Also wow his bosses are garbage. They are just being rude because its not even like she's good business for the bar.,277,,1.0,1.0,0.15,0.082,0.768,0.6474,0.9593219,2.7212121e-05,0.0014331623,0.94165224,0.00063890667,0.00013972558,0.00010500216
"Baby Reindeer | S1E02 | Episode Discussion 	1	AwareCup5530	That was so hard to watch. He is just encouraging her. But the bosses making a joke od it is so uncomfortably realistic as other men don't take male victims of women seriously.	
", S1E02 ," 	1	AwareCup5530	That was so hard to watch. He is just encouraging her. But the bosses making a joke od it is so uncomfortably realistic as other men don't take male victims of women seriously.	
",1,AwareCup5530,That was so hard to watch. He is just encouraging her. But the bosses making a joke od it is so uncomfortably realistic as other men don't take male victims of women seriously.,278,277.0,1.0,1.0,0.151,0.198,0.651,-0.4547,0.0069517638,4.0843912e-05,0.00025850107,0.0014749082,0.004283644,0.0011887505,0.00024605237
"Baby Reindeer | S1E02 | Episode Discussion 	3	alliandoalice	His colleagues want him to date the old crazy stalker felon 	
", S1E02 ," 	3	alliandoalice	His colleagues want him to date the old crazy stalker felon 	
",3,alliandoalice,His colleagues want him to date the old crazy stalker felon ,299,298.0,1.0,1.0,0.102,0.189,0.709,-0.2732,0.888367,7.175823e-05,0.0011681848,0.8066904,0.004101781,0.0034653512,0.0014954396
"Baby Reindeer | S1E02 | Episode Discussion 	1	totesawesomefersh	I don‚Äôt think so, she took his heart beating fast as excitement instead of fear. But that‚Äôs my read!	
", S1E02 ," 	1	totesawesomefersh	I don‚Äôt think so, she took his heart beating fast as excitement instead of fear. But that‚Äôs my read!	
",1,totesawesomefersh,"I don‚Äôt think so, she took his heart beating fast as excitement instead of fear. But that‚Äôs my read!",302,301.0,1.0,1.0,0.207,0.17,0.623,0.2244,0.00492789,3.4953532e-06,8.265906e-05,0.00045180417,0.00029767537,4.8831324e-05,0.0010133336
"Baby Reindeer | S1E03 | Episode Discussion 	1	halerzy	I wonder if it was because she has made false accusations at other people in the past and he doesn't want to give her leverage to try to use against him.	
", S1E03 ," 	1	halerzy	I wonder if it was because she has made false accusations at other people in the past and he doesn't want to give her leverage to try to use against him.	
",1,halerzy,I wonder if it was because she has made false accusations at other people in the past and he doesn't want to give her leverage to try to use against him.,335,324.0,1.0,1.0,0.0,0.108,0.892,-0.3658,0.0008097274,1.1216534e-06,3.0578536e-05,0.00018969228,8.595285e-05,2.0725198e-05,2.2399841e-05
"Baby Reindeer | S1E03 | Episode Discussion 	1	LordImmersion	Bro, what? How would he stop that? Covering her mouth? Pushing her? Throughout the show, she has shown she doesn't care for what he has to say or what he would like her to do. He stepped between them and tried to get her to back up and stop saying stuff multiple times without getting physically aggressive. Sure, he could have done more, but it would require him to get much more physically aggressive. And I don't understand the argument around him letting her hit Terri too long. She's a huge woman who probably weighs damn near 260 if not more. It's gonna be kinda hard to rip her off terri when she's also trying to drop down to hit her.	
", S1E03 ," 	1	LordImmersion	Bro, what? How would he stop that? Covering her mouth? Pushing her? Throughout the show, she has shown she doesn't care for what he has to say or what he would like her to do. He stepped between them and tried to get her to back up and stop saying stuff multiple times without getting physically aggressive. Sure, he could have done more, but it would require him to get much more physically aggressive. And I don't understand the argument around him letting her hit Terri too long. She's a huge woman who probably weighs damn near 260 if not more. It's gonna be kinda hard to rip her off terri when she's also trying to drop down to hit her.	
",1,LordImmersion,"Bro, what? How would he stop that? Covering her mouth? Pushing her? Throughout the show, she has shown she doesn't care for what he has to say or what he would like her to do. He stepped between them and tried to get her to back up and stop saying stuff multiple times without getting physically aggressive. Sure, he could have done more, but it would require him to get much more physically aggressive. And I don't understand the argument around him letting her hit Terri too long. She's a huge woman who probably weighs damn near 260 if not more. It's gonna be kinda hard to rip her off terri when she's also trying to drop down to hit her.",337,324.0,1.0,1.0,0.076,0.116,0.808,-0.6614,0.08760461,0.00015255203,0.006029989,0.005647446,0.0056879455,0.003970563,0.02222633
"Baby Reindeer | S1E03 | Episode Discussion 	2	gmanz33	I find it fascinating that this is how the ex-gf phrased it (a distanced, non-loving way of explaining his situation) when the show is a literal display of all of the actual reasons he kept her around. Loving the drama and 'having nothing in your life to focus on except that drama' or being drawn to that because the rest of your life is scary and/or monotonous? The dude was in the process of coming out in this late 20's, nobody gets out of that unscathed. It's just so funny to me that this show works HARD to explain that he doesn't love the drama as much as he needs and escapes through it, but sure we'll go with the easy summary.	
", S1E03 ," 	2	gmanz33	I find it fascinating that this is how the ex-gf phrased it (a distanced, non-loving way of explaining his situation) when the show is a literal display of all of the actual reasons he kept her around. Loving the drama and 'having nothing in your life to focus on except that drama' or being drawn to that because the rest of your life is scary and/or monotonous? The dude was in the process of coming out in this late 20's, nobody gets out of that unscathed. It's just so funny to me that this show works HARD to explain that he doesn't love the drama as much as he needs and escapes through it, but sure we'll go with the easy summary.	
",2,gmanz33,"I find it fascinating that this is how the ex-gf phrased it (a distanced, non-loving way of explaining his situation) when the show is a literal display of all of the actual reasons he kept her around. Loving the drama and 'having nothing in your life to focus on except that drama' or being drawn to that because the rest of your life is scary and/or monotonous? The dude was in the process of coming out in this late 20's, nobody gets out of that unscathed. It's just so funny to me that this show works HARD to explain that he doesn't love the drama as much as he needs and escapes through it, but sure we'll go with the easy summary.",367,365.0,1.0,1.0,0.113,0.044,0.843,0.8508,0.0013028032,1.9817319e-06,0.00010333885,0.00037198604,8.829812e-05,3.369054e-05,3.1652537e-05
"Baby Reindeer | S1E03 | Episode Discussion 	3	IAmAccutane	Most victims of abuse have some kind of attachment to their abuser. It's often silly, irrational, or self-serving. If you ask a victim of an abusive ex why they stayed, they will tell you a vast majority of the time their mindset at the time was that they loved them or that they offered some kind of stability (a home, income, a job, etc.), or a combination of the two Maybe instead of an exciting love-life for him it was just the platonic relationship with this woman who made him feel special because she was crazy about him. She seemed to help his stand up routine by getting the audience warmed up, there are plenty of abuse victims who endured abuse because it improved their chances at stardom; victims of Harvey Weinstein and P. Diddy have similar stories although less direct. The next episode had something similar with a different abuser that was way more direct. Part of the rest of it seems to be he felt bad for her and felt scared of doing anything. The lack of sympathy from others did a lot to prevent him from doing anything. He co-workers thought she was harmless and wouldn't ban him from the bar. His exes and the police viewed it as a non-problem. He's even unsympathetic to Reddit commenters. Telling victims of abuse to *just leave* sounds easy enough but how difficult it is can be hard to understand.	
", S1E03 ," 	3	IAmAccutane	Most victims of abuse have some kind of attachment to their abuser. It's often silly, irrational, or self-serving. If you ask a victim of an abusive ex why they stayed, they will tell you a vast majority of the time their mindset at the time was that they loved them or that they offered some kind of stability (a home, income, a job, etc.), or a combination of the two Maybe instead of an exciting love-life for him it was just the platonic relationship with this woman who made him feel special because she was crazy about him. She seemed to help his stand up routine by getting the audience warmed up, there are plenty of abuse victims who endured abuse because it improved their chances at stardom; victims of Harvey Weinstein and P. Diddy have similar stories although less direct. The next episode had something similar with a different abuser that was way more direct. Part of the rest of it seems to be he felt bad for her and felt scared of doing anything. The lack of sympathy from others did a lot to prevent him from doing anything. He co-workers thought she was harmless and wouldn't ban him from the bar. His exes and the police viewed it as a non-problem. He's even unsympathetic to Reddit commenters. Telling victims of abuse to *just leave* sounds easy enough but how difficult it is can be hard to understand.	
",3,IAmAccutane,"Most victims of abuse have some kind of attachment to their abuser. It's often silly, irrational, or self-serving. If you ask a victim of an abusive ex why they stayed, they will tell you a vast majority of the time their mindset at the time was that they loved them or that they offered some kind of stability (a home, income, a job, etc.), or a combination of the two Maybe instead of an exciting love-life for him it was just the platonic relationship with this woman who made him feel special because she was crazy about him. She seemed to help his stand up routine by getting the audience warmed up, there are plenty of abuse victims who endured abuse because it improved their chances at stardom; victims of Harvey Weinstein and P. Diddy have similar stories although less direct. The next episode had something similar with a different abuser that was way more direct. Part of the rest of it seems to be he felt bad for her and felt scared of doing anything. The lack of sympathy from others did a lot to prevent him from doing anything. He co-workers thought she was harmless and wouldn't ban him from the bar. His exes and the police viewed it as a non-problem. He's even unsympathetic to Reddit commenters. Telling victims of abuse to *just leave* sounds easy enough but how difficult it is can be hard to understand.",368,367.0,1.0,1.0,0.088,0.152,0.76,-0.9457,0.035093553,9.23235e-06,0.0002877163,0.03495617,0.0012794001,0.00026106185,7.627169e-05
"Baby Reindeer | S1E03 | Episode Discussion 	1	n/a	I laughed my ass off after that scene where she was screaming about bum sex and she gets hauled off and he says ""I can't take my mother anywhere"" ü§£ü§£ü§£	
", S1E03 ," 	1	n/a	I laughed my ass off after that scene where she was screaming about bum sex and she gets hauled off and he says ""I can't take my mother anywhere"" ü§£ü§£ü§£	
",1,,"I laughed my ass off after that scene where she was screaming about bum sex and she gets hauled off and he says ""I can't take my mother anywhere"" ü§£ü§£ü§£",410,409.0,1.0,1.0,0.222,0.108,0.67,0.7579,0.9656471,0.02456794,0.8319754,0.14729841,0.0142616555,0.95866245,0.0025015813
"Baby Reindeer | S1E03 | Episode Discussion 	3	Dickiedoandthedonts	It‚Äôs also a call back to the first show he did when she was laughing so hard	
", S1E03 ," 	3	Dickiedoandthedonts	It‚Äôs also a call back to the first show he did when she was laughing so hard	
",3,Dickiedoandthedonts,It‚Äôs also a call back to the first show he did when she was laughing so hard,412,411.0,1.0,1.0,0.159,0.093,0.748,0.3256,0.0009568202,1.646407e-06,5.8547754e-05,0.00020295521,8.556946e-05,4.078876e-05,3.8256978e-05
"Baby Reindeer | S1E03 | Episode Discussion 	3	OnTheEveOfWar	I was 100% expecting him to hit that button when she left the room.	
", S1E03 ," 	3	OnTheEveOfWar	I was 100% expecting him to hit that button when she left the room.	
",3,OnTheEveOfWar,I was 100% expecting him to hit that button when she left the room.,416,414.0,1.0,1.0,0.0,0.0,1.0,0.0,0.00217971,2.742966e-06,8.4164014e-05,0.0002697321,0.000135244,5.4760607e-05,0.0002833007
"Baby Reindeer | S1E03 | Episode Discussion 	2	LiveForYourself	rhey are LITERALLY saying the opposite of be quiet. He needed to tell the police, Teri the truth, and Liz. He put them all in danger by being a coward and straight up antagonixing her. Instead his ""empathetic"" feelings are making his stupid decisions. Like why go back out and talk to her and invite her in your hom?. That is begging for the drama Keely was talking about	
", S1E03 ," 	2	LiveForYourself	rhey are LITERALLY saying the opposite of be quiet. He needed to tell the police, Teri the truth, and Liz. He put them all in danger by being a coward and straight up antagonixing her. Instead his ""empathetic"" feelings are making his stupid decisions. Like why go back out and talk to her and invite her in your hom?. That is begging for the drama Keely was talking about	
",2,LiveForYourself,"rhey are LITERALLY saying the opposite of be quiet. He needed to tell the police, Teri the truth, and Liz. He put them all in danger by being a coward and straight up antagonixing her. Instead his ""empathetic"" feelings are making his stupid decisions. Like why go back out and talk to her and invite her in your hom?. That is begging for the drama Keely was talking about",454,453.0,1.0,1.0,0.134,0.12,0.746,-0.2023,0.9797332,5.466674e-05,0.0012893903,0.9702616,0.0011664951,0.00034619353,0.000120268975
" Baby Reindeer | S1E04 | Episode Discussion 	0	KatKatchabreak	Very powerful and brave to share this experience and yet, in the age of me too, why hasn't his rapist been identified? The irony that he acknowledges the perceived hypocrisy of reporting the stalker but not the rapist and then the Internet going to all lengths to identify a random, mentally ill woman, but not to identify a famous, powerful rapist is extremely upsetting.	
", S1E04 ," 	0	KatKatchabreak	Very powerful and brave to share this experience and yet, in the age of me too, why hasn't his rapist been identified? The irony that he acknowledges the perceived hypocrisy of reporting the stalker but not the rapist and then the Internet going to all lengths to identify a random, mentally ill woman, but not to identify a famous, powerful rapist is extremely upsetting.	
",0,KatKatchabreak,"Very powerful and brave to share this experience and yet, in the age of me too, why hasn't his rapist been identified? The irony that he acknowledges the perceived hypocrisy of reporting the stalker but not the rapist and then the Internet going to all lengths to identify a random, mentally ill woman, but not to identify a famous, powerful rapist is extremely upsetting.",650,,1.0,1.0,0.199,0.185,0.616,-0.1997,0.17105475,0.00038079987,0.001960983,0.10833496,0.0081435945,0.004700721,0.0029678193
"Baby Reindeer | S1E05 | Episode Discussion 	2	sympathyofalover	Needing therapy and being courageous enough to be honest can go hand in hand. I don‚Äôt see how this was a judgmental comment. He needs it AND she needs it.	
", S1E05 ," 	2	sympathyofalover	Needing therapy and being courageous enough to be honest can go hand in hand. I don‚Äôt see how this was a judgmental comment. He needs it AND she needs it.	
",2,sympathyofalover,Needing therapy and being courageous enough to be honest can go hand in hand. I don‚Äôt see how this was a judgmental comment. He needs it AND she needs it.,842,839.0,1.0,1.0,0.335,0.0,0.665,0.9201,0.0019178113,2.1042379e-06,7.9583406e-05,0.00046186007,8.346014e-05,4.8004305e-05,7.004028e-05
"Baby Reindeer | S1E05 | Episode Discussion 	3	choi-kay	I think she did it because she wanted to come off as someone who‚Äôs got their stuff together? I don‚Äôt know how to word it sorry haha, but iPhone‚Äôs are expensive and they‚Äôre popular. Someone who doesn‚Äôt have one or even an android, but an old phone with an inch-wide screen is either going to be viewed as poor or behind the times. She didn‚Äôt want that (the opposite actually). She wanted to be perceived as a rich and big shot lawyer. She was on top and had everything she could ever want. That‚Äôs my take anyway. But I don‚Äôt get why she kept going with it even after he saw her actual living condition‚Ä¶ And I do remember seeing it like ‚Äúfrom iPhoen‚Äù or something of the sort but my brain never registered it as her typing it out. I think I was too hung up on the crazy stalker lady aspect of it all lmfao	
", S1E05 ," 	3	choi-kay	I think she did it because she wanted to come off as someone who‚Äôs got their stuff together? I don‚Äôt know how to word it sorry haha, but iPhone‚Äôs are expensive and they‚Äôre popular. Someone who doesn‚Äôt have one or even an android, but an old phone with an inch-wide screen is either going to be viewed as poor or behind the times. She didn‚Äôt want that (the opposite actually). She wanted to be perceived as a rich and big shot lawyer. She was on top and had everything she could ever want. That‚Äôs my take anyway. But I don‚Äôt get why she kept going with it even after he saw her actual living condition‚Ä¶ And I do remember seeing it like ‚Äúfrom iPhoen‚Äù or something of the sort but my brain never registered it as her typing it out. I think I was too hung up on the crazy stalker lady aspect of it all lmfao	
",3,choi-kay,"I think she did it because she wanted to come off as someone who‚Äôs got their stuff together? I don‚Äôt know how to word it sorry haha, but iPhone‚Äôs are expensive and they‚Äôre popular. Someone who doesn‚Äôt have one or even an android, but an old phone with an inch-wide screen is either going to be viewed as poor or behind the times. She didn‚Äôt want that (the opposite actually). She wanted to be perceived as a rich and big shot lawyer. She was on top and had everything she could ever want. That‚Äôs my take anyway. But I don‚Äôt get why she kept going with it even after he saw her actual living condition‚Ä¶ And I do remember seeing it like ‚Äúfrom iPhoen‚Äù or something of the sort but my brain never registered it as her typing it out. I think I was too hung up on the crazy stalker lady aspect of it all lmfao",891,890.0,1.0,1.0,0.133,0.047,0.82,0.936,0.043521866,8.270499e-06,0.0010265529,0.035768587,0.0008979719,0.0003247051,6.4025924e-05
"Baby Reindeer | S1E05 | Episode Discussion 	2	makemeadayy	Wait but how do we know that? Why was he so nervous talking to the detective and asking ‚Äúdid she say anything? Did she pass anything on?‚Äù What was he referring to	
", S1E05 ," 	2	makemeadayy	Wait but how do we know that? Why was he so nervous talking to the detective and asking ‚Äúdid she say anything? Did she pass anything on?‚Äù What was he referring to	
",2,makemeadayy,Wait but how do we know that? Why was he so nervous talking to the detective and asking ‚Äúdid she say anything? Did she pass anything on?‚Äù What was he referring to,903,897.0,1.0,1.0,0.0,0.118,0.882,-0.6312,0.00049273274,1.204911e-06,2.9462593e-05,0.00012517616,6.533884e-05,1.512469e-05,2.0660707e-05
"Baby Reindeer | S1E05 | Episode Discussion 	3	brightlove	This is why I think he actually went there and slept with her and that he‚Äôs nervous that she would tell them that.	
", S1E05 ," 	3	brightlove	This is why I think he actually went there and slept with her and that he‚Äôs nervous that she would tell them that.	
",3,brightlove,This is why I think he actually went there and slept with her and that he‚Äôs nervous that she would tell them that.,904,903.0,1.0,1.0,0.0,0.087,0.913,-0.2732,0.13018131,9.099578e-05,0.011532133,0.0029751796,0.00054108765,0.19938718,0.00064226054
"Baby Reindeer | S1E05 | Episode Discussion 	3	snowbird421	Because part of the reason he egged her on was a part of him liked the attention. He was shocked that she could suddenly control herself and stop. It‚Äôs shown by him contemplating if he missed her after she went radio silence. He saw a glimmer of hope that maybe she reacted badly to the police or passed along a message to give him another hit of that attention he‚Äôs so desperate for even though he hates her.	
", S1E05 ," 	3	snowbird421	Because part of the reason he egged her on was a part of him liked the attention. He was shocked that she could suddenly control herself and stop. It‚Äôs shown by him contemplating if he missed her after she went radio silence. He saw a glimmer of hope that maybe she reacted badly to the police or passed along a message to give him another hit of that attention he‚Äôs so desperate for even though he hates her.	
",3,snowbird421,Because part of the reason he egged her on was a part of him liked the attention. He was shocked that she could suddenly control herself and stop. It‚Äôs shown by him contemplating if he missed her after she went radio silence. He saw a glimmer of hope that maybe she reacted badly to the police or passed along a message to give him another hit of that attention he‚Äôs so desperate for even though he hates her.,905,903.0,1.0,1.0,0.062,0.172,0.766,-0.8398,0.032055467,7.115509e-06,0.00051988405,0.0051949196,0.0012077879,0.00018460545,0.0011286223
"Baby Reindeer | S1E05 | Episode Discussion 	1	WeArrAllMadHere	I was confused there as well! Thought it actually happened, not like she would turn him away even though he reported her	
", S1E05 ," 	1	WeArrAllMadHere	I was confused there as well! Thought it actually happened, not like she would turn him away even though he reported her	
",1,WeArrAllMadHere,"I was confused there as well! Thought it actually happened, not like she would turn him away even though he reported her",911,896.0,1.0,1.0,0.081,0.182,0.736,-0.3822,0.00046736235,9.959368e-07,2.1360653e-05,0.00012043205,7.184732e-05,1.111954e-05,1.972301e-05
"Baby Reindeer | S1E05 | Episode Discussion 	3	Grasshopper_pie	She adored and worshipped him in a sick way, and he needed that then.	
", S1E05 ," 	3	Grasshopper_pie	She adored and worshipped him in a sick way, and he needed that then.	
",3,Grasshopper_pie,"She adored and worshipped him in a sick way, and he needed that then.",924,917.0,1.0,1.0,0.312,0.159,0.529,0.4939,0.020464731,8.307138e-06,0.0010502122,0.004384384,0.000321325,0.00029297732,0.00036396374
"Baby Reindeer | S1E05 | Episode Discussion 	1	scutmonkeymd	I thought he actually had sex with her?	
", S1E05 ," 	1	scutmonkeymd	I thought he actually had sex with her?	
",1,scutmonkeymd,I thought he actually had sex with her?,927,915.0,1.0,1.0,0.0,0.0,1.0,0.0,0.8584434,0.0027318331,0.1301522,0.020126306,0.010132272,0.94706947,0.001748702
"Baby Reindeer | S1E06 | Episode Discussion 	1	Book_Ends44	Yes that was insane! Why was he seemingly siding with the clearly mentally unwell woman, and actually googling and goading him?! I was (momentarily) so elated when he finally told the guy to google her shit instead!	
", S1E06 ," 	1	Book_Ends44	Yes that was insane! Why was he seemingly siding with the clearly mentally unwell woman, and actually googling and goading him?! I was (momentarily) so elated when he finally told the guy to google her shit instead!	
",1,Book_Ends44,"Yes that was insane! Why was he seemingly siding with the clearly mentally unwell woman, and actually googling and goading him?! I was (momentarily) so elated when he finally told the guy to google her shit instead!",962,961.0,1.0,1.0,0.233,0.126,0.641,0.7463,0.8439991,0.021994265,0.7959241,0.48013607,0.017704228,0.04533295,0.009034638
"Baby Reindeer | S1E06 | Episode Discussion 	3	Fluffy_Yesterday_468	I was wondering why his dad didn't just block her number as well	
", S1E06 ," 	3	Fluffy_Yesterday_468	I was wondering why his dad didn't just block her number as well	
",3,Fluffy_Yesterday_468,I was wondering why his dad didn't just block her number as well,1026,1022.0,1.0,1.0,0.367,0.0,0.633,0.5867,0.0013699228,2.0181928e-06,6.218443e-05,0.00017474583,0.00013567659,3.9361046e-05,6.329803e-05
"Baby Reindeer | S1E06 | Episode Discussion 	1	batboy963	Dude likes having a stalker	
", S1E06 ," 	1	batboy963	Dude likes having a stalker	
",1,batboy963,Dude likes having a stalker,1027,1020.0,1.0,1.0,0.412,0.0,0.588,0.4215,0.08495004,4.309292e-05,0.0065895813,0.020056507,0.0020464542,0.0029038314,0.0008712698
"Baby Reindeer | S1E07 | Episode Discussion 	1	cba_tbh_ttyl	Beautifully put, I agree with you. I also think that him discovering the origin of his (main) nickname was similar to when you search up what your own name origin means in Latin or Greek or elsewhere, like, this *is* me this is was named after/who I *am* ( to this person). I think he understood how much he meant to her on an incredibly deep level in that moment and as you said, helped bring closure to understanding exactly why him. I feel he represented the same safety and love away from the pain as the teddy reindeer... and that's what her voicemails gave him in return. Ironically his nickname from his mum is bear, which might back up the teddy bear thing too. I'm bowled over by this series.	
", S1E07 ," 	1	cba_tbh_ttyl	Beautifully put, I agree with you. I also think that him discovering the origin of his (main) nickname was similar to when you search up what your own name origin means in Latin or Greek or elsewhere, like, this *is* me this is was named after/who I *am* ( to this person). I think he understood how much he meant to her on an incredibly deep level in that moment and as you said, helped bring closure to understanding exactly why him. I feel he represented the same safety and love away from the pain as the teddy reindeer... and that's what her voicemails gave him in return. Ironically his nickname from his mum is bear, which might back up the teddy bear thing too. I'm bowled over by this series.	
",1,cba_tbh_ttyl,"Beautifully put, I agree with you. I also think that him discovering the origin of his (main) nickname was similar to when you search up what your own name origin means in Latin or Greek or elsewhere, like, this *is* me this is was named after/who I *am* ( to this person). I think he understood how much he meant to her on an incredibly deep level in that moment and as you said, helped bring closure to understanding exactly why him. I feel he represented the same safety and love away from the pain as the teddy reindeer... and that's what her voicemails gave him in return. Ironically his nickname from his mum is bear, which might back up the teddy bear thing too. I'm bowled over by this series.",1130,1129.0,1.0,1.0,0.109,0.023,0.868,0.9081,0.0008332922,1.7759933e-06,5.713488e-05,0.00022858905,0.00013490308,3.2934866e-05,1.7620496e-05
"Baby Reindeer | S1E07 | Episode Discussion 	0	haeddre83	This show made me understand myself in ways no therapy was ever able to do. The last scene, I think he not only realized they were the same, but that he had become her safe place and she had become his....in the most toxic way possible. Trauma changes people and those that haven't experienced can never understand.	
", S1E07 ," 	0	haeddre83	This show made me understand myself in ways no therapy was ever able to do. The last scene, I think he not only realized they were the same, but that he had become her safe place and she had become his....in the most toxic way possible. Trauma changes people and those that haven't experienced can never understand.	
",0,haeddre83,"This show made me understand myself in ways no therapy was ever able to do. The last scene, I think he not only realized they were the same, but that he had become her safe place and she had become his....in the most toxic way possible. Trauma changes people and those that haven't experienced can never understand.",1168,,1.0,1.0,0.061,0.084,0.855,-0.1154,0.00088782946,1.514985e-06,3.3076318e-05,0.00020475294,8.701995e-05,2.6153877e-05,3.8138733e-05
"Baby Reindeer | S1E07 | Episode Discussion 	1	dantonizzomsu	One thing that was frustrating to me was his colleagues kept making fun of him and allowed her to egg him on. They didn‚Äôt do anything to really stop her from coming into the bar. Even at the comedy show when it escalated quickly security just sat around until he had to say 2-3 times please kick her out.	
", S1E07 ," 	1	dantonizzomsu	One thing that was frustrating to me was his colleagues kept making fun of him and allowed her to egg him on. They didn‚Äôt do anything to really stop her from coming into the bar. Even at the comedy show when it escalated quickly security just sat around until he had to say 2-3 times please kick her out.	
",1,dantonizzomsu,One thing that was frustrating to me was his colleagues kept making fun of him and allowed her to egg him on. They didn‚Äôt do anything to really stop her from coming into the bar. Even at the comedy show when it escalated quickly security just sat around until he had to say 2-3 times please kick her out.,1185,1182.0,1.0,1.0,0.152,0.078,0.769,0.6258,0.03360826,1.2009019e-05,0.0006061075,0.0023722437,0.0012568634,0.0002790837,0.005046647
"Baby Reindeer | S1E07 | Episode Discussion 	1	lukesouthern19	how is he crazier than her	
", S1E07 ," 	1	lukesouthern19	how is he crazier than her	
",1,lukesouthern19,how is he crazier than her,1230,1228.0,1.0,1.0,0.0,0.18,0.82,-0.0258,0.47047347,8.063597e-06,0.00041709762,0.41317704,0.0011240253,0.00014102207,0.0001840462
"Baby Reindeer | S1E07 | Episode Discussion 	2	illogicalone	Yeah I don't really know how to put it. It is hard to top all the crazy stuff she does. She lies about being a lawyer and then obsessively stalks someone and leaves thousands of voicemails and all the other stuff she did. She's definitely on the deep end of crazy. But like...he knows that about her. He read everything about her online....and he still dove right in. Like who does that? Whether it was actually because he wanted to use a crazy person to get stories for his comedy career, or maybe wanted to use her for attention, or maybe he was using her for something else I don‚Äôt know‚Ä¶ but it's kind of fucked up to do that to someone. And he had plenty of opportunities to step away or stop her, but he never quite sets a boundary until things have gone way too far. Early on he could have prevented her from hanging out in the bar by not allowing her to sit for free. Could have told her name to the police much earlier on than he did. He could have not given the crazy stalker lady his email. He could have not spied on her and a number of other things where he just kept sort of...letting her stalk him? And then the whole thing about him getting drugged and raped, and it looked like a pretty traumatic experience, but then goes back for more. He calls it ""grooming"" in his comedy monologue near the end, but I honestly don‚Äôt know what to make of all that. His explanation feels dishonest to me because I don't know if you can call it ""grooming"" when both people are trying to use each other for something. And then he listened to thousands of his stalker's voicemails. He basically turned into a maniac who began obsessing/fantasizing over the person who played a role in ruining his relationship with someone he loved ...another thing i don't even know where to begin with. And at least her craziness appears to be the result of trauma, which sort of makes sense. He gives his monologue at the comedy show near the end to explain why he does the things he does..and it‚Äôs because he wants fame and hates himself. Something just feels off like there's way more too it than that. And the whole story is from his point of view. I just get the sense he's an unreliable narrator and he's leaving a ton of shit out. This is definitely one of those situations where there's two sides to every story. Granted in this case the story is fascinating cause she's crazy and he's batshit insane.	
", S1E07 ," 	2	illogicalone	Yeah I don't really know how to put it. It is hard to top all the crazy stuff she does. She lies about being a lawyer and then obsessively stalks someone and leaves thousands of voicemails and all the other stuff she did. She's definitely on the deep end of crazy. But like...he knows that about her. He read everything about her online....and he still dove right in. Like who does that? Whether it was actually because he wanted to use a crazy person to get stories for his comedy career, or maybe wanted to use her for attention, or maybe he was using her for something else I don‚Äôt know‚Ä¶ but it's kind of fucked up to do that to someone. And he had plenty of opportunities to step away or stop her, but he never quite sets a boundary until things have gone way too far. Early on he could have prevented her from hanging out in the bar by not allowing her to sit for free. Could have told her name to the police much earlier on than he did. He could have not given the crazy stalker lady his email. He could have not spied on her and a number of other things where he just kept sort of...letting her stalk him? And then the whole thing about him getting drugged and raped, and it looked like a pretty traumatic experience, but then goes back for more. He calls it ""grooming"" in his comedy monologue near the end, but I honestly don‚Äôt know what to make of all that. His explanation feels dishonest to me because I don't know if you can call it ""grooming"" when both people are trying to use each other for something. And then he listened to thousands of his stalker's voicemails. He basically turned into a maniac who began obsessing/fantasizing over the person who played a role in ruining his relationship with someone he loved ...another thing i don't even know where to begin with. And at least her craziness appears to be the result of trauma, which sort of makes sense. He gives his monologue at the comedy show near the end to explain why he does the things he does..and it‚Äôs because he wants fame and hates himself. Something just feels off like there's way more too it than that. And the whole story is from his point of view. I just get the sense he's an unreliable narrator and he's leaving a ton of shit out. This is definitely one of those situations where there's two sides to every story. Granted in this case the story is fascinating cause she's crazy and he's batshit insane.	
",2,illogicalone,"Yeah I don't really know how to put it. It is hard to top all the crazy stuff she does. She lies about being a lawyer and then obsessively stalks someone and leaves thousands of voicemails and all the other stuff she did. She's definitely on the deep end of crazy. But like...he knows that about her. He read everything about her online....and he still dove right in. Like who does that? Whether it was actually because he wanted to use a crazy person to get stories for his comedy career, or maybe wanted to use her for attention, or maybe he was using her for something else I don‚Äôt know‚Ä¶ but it's kind of fucked up to do that to someone. And he had plenty of opportunities to step away or stop her, but he never quite sets a boundary until things have gone way too far. Early on he could have prevented her from hanging out in the bar by not allowing her to sit for free. Could have told her name to the police much earlier on than he did. He could have not given the crazy stalker lady his email. He could have not spied on her and a number of other things where he just kept sort of...letting her stalk him? And then the whole thing about him getting drugged and raped, and it looked like a pretty traumatic experience, but then goes back for more. He calls it ""grooming"" in his comedy monologue near the end, but I honestly don‚Äôt know what to make of all that. His explanation feels dishonest to me because I don't know if you can call it ""grooming"" when both people are trying to use each other for something. And then he listened to thousands of his stalker's voicemails. He basically turned into a maniac who began obsessing/fantasizing over the person who played a role in ruining his relationship with someone he loved ...another thing i don't even know where to begin with. And at least her craziness appears to be the result of trauma, which sort of makes sense. He gives his monologue at the comedy show near the end to explain why he does the things he does..and it‚Äôs because he wants fame and hates himself. Something just feels off like there's way more too it than that. And the whole story is from his point of view. I just get the sense he's an unreliable narrator and he's leaving a ton of shit out. This is definitely one of those situations where there's two sides to every story. Granted in this case the story is fascinating cause she's crazy and he's batshit insane.",1231,1230.0,1.0,1.0,0.128,0.122,0.751,-0.1016,0.52041733,0.00064793805,0.3200327,0.10967066,0.0016374617,0.07928531,0.00040225932
